member_code,year,assembly_code,group
M_2,1976,A1,Hárok 1 - Starší seniori v r. 1
M_3,1976,A1,Hárok 1 - Starší seniori v r. 1
M_4,1976,A1,Hárok 1 - Starší seniori v r. 1
M_5,1976,A1,Hárok 1 - Starší seniori v r. 1
M_6,1976,A1,Hárok 1 - Starší seniori v r. 1
M_7,1976,A1,Hárok 1 - Starší seniori v r. 1
M_8,1976,A1,Hárok 1 - Starší seniori v r. 1
M_9,1976,A1,Hárok 1 - Starší seniori v r. 1
M_10,1976,A1,Hárok 1 - Starší seniori v r. 1
M_11,1976,A1,Hárok 1 - Starší seniori v r. 1
M_12,1976,A1,Hárok 1 - Starší seniori v r. 1
M_13,1976,A1,Hárok 1 - Starší seniori v r. 1
M_14,1976,A1,Hárok 1 - Starší seniori v r. 1
M_15,1976,A1,Hárok 1 - Starší seniori v r. 1
M_16,1976,A1,Hárok 1 - Starší seniori v r. 1
M_17,1976,A1,Hárok 1 - Starší seniori v r. 1
M_18,1976,A1,Hárok 1 - Starší seniori v r. 1
M_19,1976,A1,Hárok 1 - Starší seniori v r. 1
M_20,1976,A1,Hárok 1 - Starší seniori v r. 1
M_21,1976,A1,Hárok 1 - Starší seniori v r. 1
M_22,1976,A1,Hárok 1 - Starší seniori v r. 1
M_23,1976,A1,Hárok 1 - Mladší juniori v r. 1
M_24,1976,A1,Hárok 1 - Mladší juniori v r. 1
M_25,1976,A1,Hárok 1 - Mladší juniori v r. 1
M_26,1976,A1,Hárok 1 - Mladší juniori v r. 1
M_27,1976,A1,Hárok 1 - Mladší juniori v r. 1
M_28,1976,A1,Hárok 1 - Mladší juniori v r. 1
M_29,1976,A1,Hárok 1 - Mladší juniori v r. 1
M_30,1976,A1,Hárok 1 - Mladší juniori v r. 1
M_31,1976,A1,Hárok 1 - Mladší juniori v r. 1
M_32,1976,A1,Hárok 1 - Mladší juniori v r. 1
M_33,1976,A1,Hárok 1 - Mladší juniori v r. 1
M_34,1976,A1,Hárok 1 - Mladší juniori v r. 1
M_35,1976,A1,Hárok 1 - Mladší juniori v r. 1
M_36,1976,A1,Hárok 1 - Mladší juniori v r. 1
M_37,1976,A1,Hárok 1 - Mladší juniori v r. 1
M_38,1976,A1,Hárok 1 - Mladší juniori v r. 1
M_39,1976,A1,Hárok 1 - Mladší juniori v r. 1
M_40,1976,A1,Hárok 1 - Mladší juniori v r. 1
M_18,1977,A1,Hárok 1 - Starší seniori v r. 1
M_11,1977,A1,Hárok 1 - Starší seniori v r. 1
M_13,1977,A1,Hárok 1 - Starší seniori v r. 1
M_17,1977,A1,Hárok 1 - Starší seniori v r. 1
M_8,1977,A1,Hárok 1 - Starší seniori v r. 1
M_4,1977,A1,Hárok 1 - Starší seniori v r. 1
M_9,1977,A1,Hárok 1 - Starší seniori v r. 1
M_15,1977,A1,Hárok 1 - Starší seniori v r. 1
M_41,1977,A1,Hárok 1 - Starší seniori v r. 1
M_3,1977,A1,Hárok 1 - Starší seniori v r. 1
M_6,1977,A1,Hárok 1 - Starší seniori v r. 1
M_10,1977,A1,Hárok 1 - Starší seniori v r. 1
M_14,1977,A1,Hárok 1 - Starší seniori v r. 1
M_16,1977,A1,Hárok 1 - Starší seniori v r. 1
M_21,1977,A1,Hárok 1 - Starší seniori v r. 1
M_42,1977,A1,Hárok 1 - Mladší juniori v r. 1
M_24,1977,A1,Hárok 1 - Mladší juniori v r. 1
M_43,1977,A1,Hárok 1 - Mladší juniori v r. 1
M_26,1977,A1,Hárok 1 - Mladší juniori v r. 1
M_27,1977,A1,Hárok 1 - Mladší juniori v r. 1
M_28,1977,A1,Hárok 1 - Mladší juniori v r. 1
M_29,1977,A1,Hárok 1 - Mladší juniori v r. 1
M_30,1977,A1,Hárok 1 - Mladší juniori v r. 1
M_31,1977,A1,Hárok 1 - Mladší juniori v r. 1
M_32,1977,A1,Hárok 1 - Mladší juniori v r. 1
M_44,1977,A1,Hárok 1 - Mladší juniori v r. 1
M_45,1977,A1,Hárok 1 - Mladší juniori v r. 1
M_35,1977,A1,Hárok 1 - Mladší juniori v r. 1
M_36,1977,A1,Hárok 1 - Mladší juniori v r. 1
M_37,1977,A1,Hárok 1 - Mladší juniori v r. 1
M_38,1977,A1,Hárok 1 - Mladší juniori v r. 1
M_39,1977,A1,Hárok 1 - Mladší juniori v r. 1
M_40,1977,A1,Hárok 1 - Mladší juniori v r. 1
M_46,1986,A1,Hárok 1 - Súbor v r. 1986
M_47,1986,A1,Hárok 1 - Súbor v r. 1986
M_48,1986,A1,Hárok 1 - Súbor v r. 1986
M_49,1986,A1,Hárok 1 - Súbor v r. 1986
M_50,1986,A1,Hárok 1 - Súbor v r. 1986
M_51,1986,A1,Hárok 1 - Súbor v r. 1986
M_52,1986,A1,Hárok 1 - Súbor v r. 1986
M_53,1986,A1,Hárok 1 - Súbor v r. 1986
M_54,1986,A1,Hárok 1 - Súbor v r. 1986
M_55,1986,A1,Hárok 1 - Súbor v r. 1986
M_56,1986,A1,Hárok 1 - Súbor v r. 1986
M_57,1986,A1,Hárok 1 - Súbor v r. 1986
M_58,1986,A1,Hárok 1 - Súbor v r. 1986
M_59,1986,A1,Hárok 1 - Súbor v r. 1986
M_60,1986,A1,Hárok 1 - Súbor v r. 1986
M_61,1986,A1,Hárok 1 - Súbor v r. 1986
M_62,1986,A1,Hárok 1 - Súbor v r. 1986
M_63,1986,A1,Hárok 1 - Súbor v r. 1986
M_64,1986,A1,Hárok 1 - Súbor v r. 1986
M_65,1986,A1,Hárok 1 - Súbor v r. 1986
M_66,1986,A1,Hárok 1 - Súbor v r. 1986
M_67,1986,A1,Hárok 1 - Súbor v r. 1986
M_68,1986,A1,Hárok 1 - Súbor v r. 1986
M_69,1986,A1,Hárok 1 - Súbor v r. 1986
M_70,1986,A1,Hárok 1 - Súbor v r. 1986
M_71,1986,A1,Hárok 1 - Prípravka r. 1986
M_72,1986,A1,Hárok 1 - Prípravka r. 1986
M_73,1986,A1,Hárok 1 - Prípravka r. 1986
M_74,1986,A1,Hárok 1 - Prípravka r. 1986
M_75,1986,A1,Hárok 1 - Prípravka r. 1986
M_76,1986,A1,Hárok 1 - Prípravka r. 1986
M_77,1986,A1,Hárok 1 - Prípravka r. 1986
M_78,1986,A1,Hárok 1 - Prípravka r. 1986
M_79,1986,A1,Hárok 1 - Prípravka r. 1986
M_80,1986,A1,Hárok 1 - Prípravka r. 1986
M_81,1986,A1,Hárok 1 - Prípravka r. 1986
M_82,1986,A1,Hárok 1 - Prípravka r. 1986
M_83,1986,A1,Hárok 1 - Prípravka r. 1986
M_84,1986,A1,Hárok 1 - Prípravka r. 1986
M_85,1986,A1,Hárok 1 - Prípravka r. 1986
M_86,1986,A1,Hárok 1 - Prípravka r. 1986
M_87,1986,A1,Hárok 1 - Prípravka r. 1986
M_88,1986,A1,Hárok 1 - Prípravka r. 1986
M_89,1986,A1,Hárok 1 - Prípravka r. 1986
M_90,1986,A1,Hárok 1 - Prípravka r. 1986
M_62,1986,A1,Hárok 1 - Prípravka r. 1986
M_91,1986,A1,Hárok 1 - Prípravka r. 1986
M_92,1986,A1,Hárok 1 - Prípravka r. 1986
M_93,1986,A1,Hárok 1 - Prípravka r. 1986
M_94,1986,A1,Hárok 1 - Prípravka r. 1986
M_46,1987,A1,Hárok 1 - Súbor v r. 1987
M_47,1987,A1,Hárok 1 - Súbor v r. 1987
M_95,1987,A1,Hárok 1 - Súbor v r. 1987
M_96,1987,A1,Hárok 1 - Súbor v r. 1987
M_50,1987,A1,Hárok 1 - Súbor v r. 1987
M_80,1987,A1,Hárok 1 - Súbor v r. 1987
M_97,1987,A1,Hárok 1 - Súbor v r. 1987
M_53,1987,A1,Hárok 1 - Súbor v r. 1987
M_98,1987,A1,Hárok 1 - Súbor v r. 1987
M_99,1987,A1,Hárok 1 - Súbor v r. 1987
M_100,1987,A1,Hárok 1 - Súbor v r. 1987
M_58,1987,A1,Hárok 1 - Súbor v r. 1987
M_59,1987,A1,Hárok 1 - Súbor v r. 1987
M_101,1987,A1,Hárok 1 - Súbor v r. 1987
M_60,1987,A1,Hárok 1 - Súbor v r. 1987
M_102,1987,A1,Hárok 1 - Súbor v r. 1987
M_61,1987,A1,Hárok 1 - Súbor v r. 1987
M_63,1987,A1,Hárok 1 - Súbor v r. 1987
M_64,1987,A1,Hárok 1 - Súbor v r. 1987
M_65,1987,A1,Hárok 1 - Súbor v r. 1987
M_66,1987,A1,Hárok 1 - Súbor v r. 1987
M_67,1987,A1,Hárok 1 - Súbor v r. 1987
M_68,1987,A1,Hárok 1 - Súbor v r. 1987
M_103,1987,A1,Hárok 1 - Súbor v r. 1987
M_104,1987,A1,Hárok 1 - Súbor v r. 1987
M_46,1988,A1,Hárok 1 - Súbor v r. 1988
M_105,1988,A1,Hárok 1 - Súbor v r. 1988
M_95,1988,A1,Hárok 1 - Súbor v r. 1988
M_96,1988,A1,Hárok 1 - Súbor v r. 1988
M_50,1988,A1,Hárok 1 - Súbor v r. 1988
M_80,1988,A1,Hárok 1 - Súbor v r. 1988
M_97,1988,A1,Hárok 1 - Súbor v r. 1988
M_83,1988,A1,Hárok 1 - Súbor v r. 1988
M_53,1988,A1,Hárok 1 - Súbor v r. 1988
M_98,1988,A1,Hárok 1 - Súbor v r. 1988
M_99,1988,A1,Hárok 1 - Súbor v r. 1988
M_100,1988,A1,Hárok 1 - Súbor v r. 1988
M_58,1988,A1,Hárok 1 - Súbor v r. 1988
M_59,1988,A1,Hárok 1 - Súbor v r. 1988
M_106,1988,A1,Hárok 1 - Súbor v r. 1988
M_60,1988,A1,Hárok 1 - Súbor v r. 1988
M_102,1988,A1,Hárok 1 - Súbor v r. 1988
M_61,1988,A1,Hárok 1 - Súbor v r. 1988
M_63,1988,A1,Hárok 1 - Súbor v r. 1988
M_64,1988,A1,Hárok 1 - Súbor v r. 1988
M_65,1988,A1,Hárok 1 - Súbor v r. 1988
M_66,1988,A1,Hárok 1 - Súbor v r. 1988
M_67,1988,A1,Hárok 1 - Súbor v r. 1988
M_68,1988,A1,Hárok 1 - Súbor v r. 1988
M_103,1988,A1,Hárok 1 - Súbor v r. 1988
M_104,1988,A1,Hárok 1 - Súbor v r. 1988
M_107,1988,A1,Hárok 1 - Prípravka r. 1988
M_108,1988,A1,Hárok 1 - Prípravka r. 1988
M_109,1988,A1,Hárok 1 - Prípravka r. 1988
M_110,1988,A1,Hárok 1 - Prípravka r. 1988
M_49,1988,A1,Hárok 1 - Prípravka r. 1988
M_111,1988,A1,Hárok 1 - Prípravka r. 1988
M_52,1988,A1,Hárok 1 - Prípravka r. 1988
M_112,1988,A1,Hárok 1 - Prípravka r. 1988
M_113,1988,A1,Hárok 1 - Prípravka r. 1988
M_114,1988,A1,Hárok 1 - Prípravka r. 1988
M_115,1988,A1,Hárok 1 - Prípravka r. 1988
M_116,1988,A1,Hárok 1 - Prípravka r. 1988
M_117,1988,A1,Hárok 1 - Prípravka r. 1988
M_118,1988,A1,Hárok 1 - Prípravka r. 1988
M_119,1988,A1,Hárok 1 - Prípravka r. 1988
M_120,1988,A1,Hárok 1 - Prípravka r. 1988
M_121,1988,A1,Hárok 1 - Prípravka r. 1988
M_122,1988,A1,Hárok 1 - Prípravka r. 1988
M_123,1988,A1,Hárok 1 - Prípravka r. 1988
M_124,1988,A1,Hárok 1 - Prípravka r. 1988
M_125,1988,A1,Hárok 1 - Prípravka r. 1988
M_126,1993,A1,Hárok 1 - Súbor v r. 1993
M_127,1993,A1,Hárok 1 - Súbor v r. 1993
M_128,1993,A1,Hárok 1 - Súbor v r. 1993
M_46,1993,A1,Hárok 1 - Súbor v r. 1993
M_129,1993,A1,Hárok 1 - Súbor v r. 1993
M_130,1993,A1,Hárok 1 - Súbor v r. 1993
M_131,1993,A1,Hárok 1 - Súbor v r. 1993
M_53,1993,A1,Hárok 1 - Súbor v r. 1993
M_132,1993,A1,Hárok 1 - Súbor v r. 1993
M_133,1993,A1,Hárok 1 - Súbor v r. 1993
M_134,1993,A1,Hárok 1 - Súbor v r. 1993
M_135,1993,A1,Hárok 1 - Súbor v r. 1993
M_136,1993,A1,Hárok 1 - Súbor v r. 1993
M_137,1993,A1,Hárok 1 - Súbor v r. 1993
M_138,1993,A1,Hárok 1 - Súbor v r. 1993
M_139,1993,A1,Hárok 1 - Súbor v r. 1993
M_140,1993,A1,Hárok 1 - Súbor v r. 1993
M_102,1993,A1,Hárok 1 - Súbor v r. 1993
M_141,1993,A1,Hárok 1 - Súbor v r. 1993
M_68,1993,A1,Hárok 1 - Súbor v r. 1993
M_142,1993,A1,Hárok 1 - Súbor v r. 1993
M_143,1993,A1,Hárok 1 - Súbor v r. 1993
M_144,1993,A1,Hárok 1 - Skupina B v r. 1993
M_145,1993,A1,Hárok 1 - Skupina B v r. 1993
M_146,1993,A1,Hárok 1 - Skupina B v r. 1993
M_147,1993,A1,Hárok 1 - Skupina B v r. 1993
M_148,1993,A1,Hárok 1 - Skupina B v r. 1993
M_149,1993,A1,Hárok 1 - Skupina B v r. 1993
M_150,1993,A1,Hárok 1 - Skupina B v r. 1993
M_151,1993,A1,Hárok 1 - Skupina B v r. 1993
M_152,1993,A1,Hárok 1 - Skupina B v r. 1993
M_153,1993,A1,Hárok 1 - Skupina B v r. 1993
M_154,1993,A1,Hárok 1 - Skupina B v r. 1993
M_155,1993,A1,Hárok 1 - Skupina B v r. 1993
M_156,1993,A1,Hárok 1 - Skupina B v r. 1993
M_157,1993,A1,Hárok 1 - Skupina B v r. 1993
M_158,1993,A1,Hárok 1 - Skupina B v r. 1993
M_159,1993,A1,Hárok 1 - Skupina C v r. 1993
M_134,1993,A1,Hárok 1 - Skupina C v r. 1993
M_160,1993,A1,Hárok 1 - Skupina C v r. 1993
M_161,1993,A1,Hárok 1 - Skupina C v r. 1993
M_162,1993,A1,Hárok 1 - Skupina C v r. 1993
M_163,1993,A1,Hárok 1 - Skupina C v r. 1993
M_164,1993,A1,Hárok 1 - Skupina C v r. 1993
M_165,1993,A1,Hárok 1 - Skupina C v r. 1993
M_166,1993,A1,Hárok 1 - Skupina C v r. 1993
M_167,1993,A1,Hárok 1 - Skupina C v r. 1993
M_168,1993,A1,Hárok 1 - Skupina C v r. 1993
M_169,1993,A1,Hárok 1 - Skupina C v r. 1993
M_170,1993,A1,Hárok 1 - Skupina C v r. 1993
M_131,1993,A1,Hárok 1 - Skupina C v r. 1993
M_171,1993,A1,Hárok 1 - Skupina C v r. 1993
M_172,1993,A1,Hárok 1 - Skupina C v r. 1993
M_173,1993,A1,Hárok 1 - Skupina C v r. 1993
M_126,1999,A1,Hárok 1 - Súbor v r. 1999
M_174,1999,A1,Hárok 1 - Súbor v r. 1999
M_175,1999,A1,Hárok 1 - Súbor v r. 1999
M_176,1999,A1,Hárok 1 - Súbor v r. 1999
M_177,1999,A1,Hárok 1 - Súbor v r. 1999
M_178,1999,A1,Hárok 1 - Súbor v r. 1999
M_179,1999,A1,Hárok 1 - Súbor v r. 1999
M_53,1999,A1,Hárok 1 - Súbor v r. 1999
M_135,1999,A1,Hárok 1 - Súbor v r. 1999
M_180,1999,A1,Hárok 1 - Súbor v r. 1999
M_181,1999,A1,Hárok 1 - Súbor v r. 1999
M_182,1999,A1,Hárok 1 - Súbor v r. 1999
M_183,1999,A1,Hárok 1 - Súbor v r. 1999
M_184,1999,A1,Hárok 1 - Súbor v r. 1999
M_185,1999,A1,Hárok 1 - Súbor v r. 1999
M_143,1999,A1,Hárok 1 - Súbor v r. 1999
M_186,1999,A1,Hárok 1 - 4. ročník v r. 1999
M_187,1999,A1,Hárok 1 - 4. ročník v r. 1999
M_188,1999,A1,Hárok 1 - 4. ročník v r. 1999
M_189,1999,A1,Hárok 1 - 4. ročník v r. 1999
M_190,1999,A1,Hárok 1 - 4. ročník v r. 1999
M_191,1999,A1,Hárok 1 - 4. ročník v r. 1999
M_192,1999,A1,Hárok 1 - 4. ročník v r. 1999
M_193,1999,A1,Hárok 1 - 4. ročník v r. 1999
M_194,1999,A1,Hárok 1 - 4. ročník v r. 1999
M_195,1999,A1,Hárok 1 - 4. ročník v r. 1999
M_196,1999,A1,Hárok 1 - 4. ročník v r. 1999
M_27,1999,A1,Hárok 1 - 4. ročník v r. 1999
M_197,1999,A1,Hárok 1 - 4. ročník v r. 1999
M_198,1999,A1,Hárok 1 - 4. ročník v r. 1999
M_199,1999,A1,Hárok 1 - 4. ročník v r. 1999
M_200,1999,A1,Hárok 1 - 4. ročník v r. 1999
M_201,1999,A1,Hárok 1 - 4. ročník v r. 1999
M_202,1999,A1,Hárok 1 - 4. ročník v r. 1999
M_203,1999,A1,Hárok 1 - 4. ročník v r. 1999
M_204,1999,A1,Hárok 1 - 4. ročník v r. 1999
M_205,1999,A1,Hárok 1 - 4. ročník v r. 1999
M_206,1999,A1,Hárok 1 - 3. ročník v r. 1999
M_207,1999,A1,Hárok 1 - 3. ročník v r. 1999
M_208,1999,A1,Hárok 1 - 3. ročník v r. 1999
M_209,1999,A1,Hárok 1 - 3. ročník v r. 1999
M_210,1999,A1,Hárok 1 - 3. ročník v r. 1999
M_211,1999,A1,Hárok 1 - 3. ročník v r. 1999
M_212,1999,A1,Hárok 1 - 3. ročník v r. 1999
M_213,1999,A1,Hárok 1 - 3. ročník v r. 1999
M_214,1999,A1,Hárok 1 - 3. ročník v r. 1999
M_215,1999,A1,Hárok 1 - 3. ročník v r. 1999
M_216,1999,A1,Hárok 1 - 3. ročník v r. 1999
M_217,1999,A1,Hárok 1 - 3. ročník v r. 1999
M_218,1999,A1,Hárok 1 - 3. ročník v r. 1999
M_219,1999,A1,Hárok 1 - 3. ročník v r. 1999
M_220,1999,A1,Hárok 1 - 3. ročník v r. 1999
M_221,1999,A1,Hárok 1 - 3. ročník v r. 1999
M_222,1999,A1,Hárok 1 - 3. ročník v r. 1999
M_223,1999,A1,Hárok 1 - 3. ročník v r. 1999
M_224,1999,A1,Hárok 1 - 2. ročník v r. 1999
M_225,1999,A1,Hárok 1 - 2. ročník v r. 1999
M_226,1999,A1,Hárok 1 - 2. ročník v r. 1999
M_227,1999,A1,Hárok 1 - 2. ročník v r. 1999
M_228,1999,A1,Hárok 1 - 2. ročník v r. 1999
M_229,1999,A1,Hárok 1 - 2. ročník v r. 1999
M_230,1999,A1,Hárok 1 - 2. ročník v r. 1999
M_231,1999,A1,Hárok 1 - 2. ročník v r. 1999
M_232,1999,A1,Hárok 1 - 2. ročník v r. 1999
M_233,1999,A1,Hárok 1 - 2. ročník v r. 1999
M_234,1999,A1,Hárok 1 - 2. ročník v r. 1999
M_235,1999,A1,Hárok 1 - 2. ročník v r. 1999
M_236,1999,A1,Hárok 1 - 2. ročník v r. 1999
M_237,1999,A1,Hárok 1 - 2. ročník v r. 1999
M_238,1999,A1,Hárok 1 - 2. ročník v r. 1999
M_239,1999,A1,Hárok 1 - 2. ročník v r. 1999
M_240,1999,A1,Hárok 1 - 2. ročník v r. 1999
M_241,1999,A1,Hárok 1 - 2. ročník v r. 1999
M_242,1999,A1,Hárok 1 - 2. ročník v r. 1999
M_243,1999,A1,Hárok 1 - V roku 1999 skončili
M_244,1999,A1,Hárok 1 - V roku 1999 skončili
M_245,1999,A1,Hárok 1 - V roku 1999 skončili
M_246,1999,A1,Hárok 1 - V roku 1999 skončili
M_247,1999,A1,Hárok 1 - V roku 1999 skončili
M_248,1999,A1,Hárok 1 - V roku 1999 skončili
M_249,1999,A1,Hárok 1 - V roku 1999 skončili
M_250,1999,A1,Hárok 1 - V roku 1999 skončili
M_251,1999,A1,Hárok 1 - V roku 1999 skončili
M_252,1999,A1,Hárok 1 - V roku 1999 skončili
M_253,1999,A1,Hárok 1 - V roku 1999 skončili
M_254,1999,A1,Hárok 1 - V roku 1999 skončili
M_255,1999,A1,Hárok 1 - V roku 1999 skončili
M_256,1999,A1,Hárok 1 - V roku 1999 skončili
M_257,1999,A1,Hárok 1 - V roku 1999 skončili
M_258,1999,A1,Hárok 1 - V roku 1999 skončili
M_259,1999,A1,Hárok 1 - V roku 1999 skončili
M_260,1999,A1,Hárok 1 - V roku 1999 skončili
M_261,1999,A1,Hárok 1 - V roku 1999 skončili
M_262,1999,A1,Hárok 1 - V roku 1999 skončili
M_263,1999,A1,Hárok 1 - V roku 1999 skončili
M_264,1999,A1,Hárok 1 - V roku 1999 skončili
M_265,1999,A1,Hárok 1 - V roku 1999 skončili
M_266,1999,A1,Hárok 1 - V roku 1999 skončili
M_267,1999,A1,Hárok 1 - V roku 1999 skončili
M_268,1999,A1,Hárok 1 - V roku 1999 skončili
M_269,1999,A1,Hárok 1 - V roku 1999 skončili
M_270,1999,A1,Hárok 1 - V roku 1999 skončili
M_271,2001,A1,Hárok 1 - V roku 2001 skončili
M_176,2001,A1,Hárok 1 - V roku 2001 skončili
M_210,2001,A1,Hárok 1 - V roku 2001 skončili
M_272,2001,A1,Hárok 1 - V roku 2001 skončili
M_214,2001,A1,Hárok 1 - V roku 2001 skončili
M_193,2001,A1,Hárok 1 - V roku 2001 skončili
M_194,2001,A1,Hárok 1 - V roku 2001 skončili
M_273,2001,A1,Hárok 1 - V roku 2001 skončili
M_274,2001,A1,Hárok 1 - V roku 2001 skončili
M_198,2001,A1,Hárok 1 - V roku 2001 skončili
M_275,2001,A1,Hárok 1 - V roku 2001 skončili
M_276,2001,A1,Hárok 1 - V roku 2001 skončili
M_277,2001,A1,Hárok 1 - V roku 2001 skončili
M_278,2001,A1,Hárok 1 - V roku 2001 skončili
M_219,2001,A1,Hárok 1 - V roku 2001 skončili
M_279,2001,A1,Hárok 1 - V roku 2001 skončili
M_236,2001,A1,Hárok 1 - V roku 2001 skončili
M_280,2001,A1,Hárok 1 - V roku 2001 skončili
M_281,2001,A1,Hárok 1 - V roku 2001 skončili
M_239,2001,A1,Hárok 1 - V roku 2001 skončili
M_282,2001,A1,Hárok 1 - V roku 2001 skončili
M_283,2001,A1,Hárok 1 - V roku 2001 skončili
M_284,2001,A1,Hárok 1 - V roku 2001 skončili
M_285,2001,A1,Hárok 1 - V roku 2001 skončili
M_204,2001,A1,Hárok 1 - V roku 2001 skončili
M_286,2001,A1,Hárok 1 - V roku 2001 skončili
M_287,2001,A1,Hárok 1 - V roku 2001 skončili
M_288,2001,A1,Hárok 1 - V roku 2001 skončili
M_289,2001,A1,Hárok 1 - V roku 2001 skončili
M_290,2001,A1,Hárok 1 - V roku 2001 skončili
M_291,2001,A1,Hárok 1 - V roku 2001 skončili
M_292,2001,A1,Hárok 1 - V roku 2001 skončili
M_293,2001,A1,Hárok 1 - V roku 2001 skončili
M_294,2001,A1,Hárok 1 - V roku 2001 skončili
M_295,2001,A1,Hárok 1 - V roku 2001 skončili
M_126,2001,A1,Hárok 1 - V roku 2001 skončili
M_296,2001,A1,Hárok 1 - V roku 2001 skončili
M_135,2001,A1,Hárok 1 - V roku 2001 skončili
M_297,2001,A1,Hárok 1 - V roku 2001 skončili
M_143,2001,A1,Hárok 1 - V roku 2001 skončili
M_188,2001,A1,Hárok 1 - V roku 2001 skončili
M_298,2001,A1,Hárok 1 - V roku 2001 skončili
M_299,2001,A1,Hárok 1 - V roku 2001 skončili
M_300,2001,A1,Hárok 1 - V roku 2001 skončili
M_301,2001,A1,Hárok 1 - V roku 2001 skončili
M_302,2001,A1,Hárok 1 - V roku 2001 skončili
M_303,2001,A1,Hárok 1 - V roku 2001 skončili
M_304,2001,A1,Hárok 1 - V roku 2001 skončili
M_305,2001,A1,Hárok 1 - V roku 2001 skončili
M_306,2001,A1,Hárok 1 - V roku 2001 skončili
M_307,2001,A1,Hárok 1 - V roku 2001 skončili
M_308,2001,A1,Hárok 1 - V roku 2001 skončili
M_309,2001,A1,Hárok 1 - V roku 2001 skončili
M_186,2001,A1,Hárok 1 - Súbor v r. 2001
M_187,2001,A1,Hárok 1 - Súbor v r. 2001
M_53,2001,A1,Hárok 1 - Súbor v r. 2001
M_310,2001,A1,Hárok 1 - Súbor v r. 2001
M_191,2001,A1,Hárok 1 - Súbor v r. 2001
M_311,2001,A1,Hárok 1 - Súbor v r. 2001
M_312,2001,A1,Hárok 1 - Súbor v r. 2001
M_27,2001,A1,Hárok 1 - Súbor v r. 2001
M_197,2001,A1,Hárok 1 - Súbor v r. 2001
M_182,2001,A1,Hárok 1 - Súbor v r. 2001
M_183,2001,A1,Hárok 1 - Súbor v r. 2001
M_313,2001,A1,Hárok 1 - Súbor v r. 2001
M_184,2001,A1,Hárok 1 - Súbor v r. 2001
M_201,2001,A1,Hárok 1 - Súbor v r. 2001
M_202,2001,A1,Hárok 1 - Súbor v r. 2001
M_68,2001,A1,Hárok 1 - Súbor v r. 2001
M_314,2001,A1,Hárok 1 - 5. ročník v r. 2001
M_315,2001,A1,Hárok 1 - 5. ročník v r. 2001
M_316,2001,A1,Hárok 1 - 5. ročník v r. 2001
M_317,2001,A1,Hárok 1 - 5. ročník v r. 2001
M_318,2001,A1,Hárok 1 - 5. ročník v r. 2001
M_319,2001,A1,Hárok 1 - 5. ročník v r. 2001
M_233,2001,A1,Hárok 1 - 5. ročník v r. 2001
M_320,2001,A1,Hárok 1 - 5. ročník v r. 2001
M_215,2001,A1,Hárok 1 - 5. ročník v r. 2001
M_321,2001,A1,Hárok 1 - 5. ročník v r. 2001
M_322,2001,A1,Hárok 1 - 5. ročník v r. 2001
M_323,2001,A1,Hárok 1 - 5. ročník v r. 2001
M_213,2001,A1,Hárok 1 - 5. ročník v r. 2001
M_324,2001,A1,Hárok 1 - 5. ročník v r. 2001
M_199,2001,A1,Hárok 1 - 5. ročník v r. 2001
M_237,2001,A1,Hárok 1 - 5. ročník v r. 2001
M_223,2001,A1,Hárok 1 - 5. ročník v r. 2001
M_325,2001,A1,Hárok 1 - 5. ročník v r. 2001
M_326,2001,A1,Hárok 1 - 5. ročník v r. 2001
M_205,2001,A1,Hárok 1 - 5. ročník v r. 2001
M_206,2001,A1,Hárok 1 - 4. ročník v r. 2001
M_327,2001,A1,Hárok 1 - 4. ročník v r. 2001
M_328,2001,A1,Hárok 1 - 4. ročník v r. 2001
M_225,2001,A1,Hárok 1 - 4. ročník v r. 2001
M_329,2001,A1,Hárok 1 - 4. ročník v r. 2001
M_226,2001,A1,Hárok 1 - 4. ročník v r. 2001
M_208,2001,A1,Hárok 1 - 4. ročník v r. 2001
M_209,2001,A1,Hárok 1 - 4. ročník v r. 2001
M_330,2001,A1,Hárok 1 - 4. ročník v r. 2001
M_331,2001,A1,Hárok 1 - 4. ročník v r. 2001
M_332,2001,A1,Hárok 1 - 4. ročník v r. 2001
M_333,2001,A1,Hárok 1 - 4. ročník v r. 2001
M_334,2001,A1,Hárok 1 - 4. ročník v r. 2001
M_335,2001,A1,Hárok 1 - 4. ročník v r. 2001
M_336,2001,A1,Hárok 1 - 4. ročník v r. 2001
M_240,2001,A1,Hárok 1 - 4. ročník v r. 2001
M_241,2001,A1,Hárok 1 - 4. ročník v r. 2001
M_337,2001,A1,Hárok 1 - 4. ročník v r. 2001
M_338,2001,A1,Hárok 1 - 3. ročník v r. 2001
M_339,2001,A1,Hárok 1 - 3. ročník v r. 2001
M_340,2001,A1,Hárok 1 - 3. ročník v r. 2001
M_341,2001,A1,Hárok 1 - 3. ročník v r. 2001
M_342,2001,A1,Hárok 1 - 3. ročník v r. 2001
M_343,2001,A1,Hárok 1 - 3. ročník v r. 2001
M_344,2001,A1,Hárok 1 - 3. ročník v r. 2001
M_345,2001,A1,Hárok 1 - 3. ročník v r. 2001
M_346,2001,A1,Hárok 1 - 3. ročník v r. 2001
M_347,2001,A1,Hárok 1 - 3. ročník v r. 2001
M_348,2001,A1,Hárok 1 - 3. ročník v r. 2001
M_349,2001,A1,Hárok 1 - 3. ročník v r. 2001
M_350,2001,A1,Hárok 1 - 3. ročník v r. 2001
M_351,2001,A1,Hárok 1 - 3. ročník v r. 2001
M_352,2001,A1,Hárok 1 - 2. ročník v r. 2001
M_353,2001,A1,Hárok 1 - 2. ročník v r. 2001
M_354,2001,A1,Hárok 1 - 2. ročník v r. 2001
M_355,2001,A1,Hárok 1 - 2. ročník v r. 2001
M_356,2001,A1,Hárok 1 - 2. ročník v r. 2001
M_357,2001,A1,Hárok 1 - 2. ročník v r. 2001
M_358,2001,A1,Hárok 1 - 2. ročník v r. 2001
M_359,2001,A1,Hárok 1 - 2. ročník v r. 2001
M_235,2001,A1,Hárok 1 - 2. ročník v r. 2001
M_360,2001,A1,Hárok 1 - 2. ročník v r. 2001
M_361,2001,A1,Hárok 1 - 2. ročník v r. 2001
M_362,2001,A1,Hárok 1 - 2. ročník v r. 2001
M_363,2001,A1,Hárok 1 - 2. ročník v r. 2001
M_364,2001,A1,Hárok 1 - 2. ročník v r. 2001
M_365,2001,A1,Hárok 1 - 2. ročník v r. 2001
M_242,2001,A1,Hárok 1 - 2. ročník v r. 2001
M_366,2001,A1,Hárok 1 - 2. ročník v r. 2001
M_367,2001,A1,Hárok 1 - 1. ročník v r. 2001
M_368,2001,A1,Hárok 1 - 1. ročník v r. 2001
M_369,2001,A1,Hárok 1 - 1. ročník v r. 2001
M_370,2001,A1,Hárok 1 - 1. ročník v r. 2001
M_371,2001,A1,Hárok 1 - 1. ročník v r. 2001
M_372,2001,A1,Hárok 1 - 1. ročník v r. 2001
M_373,2001,A1,Hárok 1 - 1. ročník v r. 2001
M_374,2001,A1,Hárok 1 - 1. ročník v r. 2001
M_375,2001,A1,Hárok 1 - 1. ročník v r. 2001
M_376,2001,A1,Hárok 1 - 1. ročník v r. 2001
M_377,2001,A1,Hárok 1 - 1. ročník v r. 2001
M_378,2001,A1,Hárok 1 - 1. ročník v r. 2001
M_379,2001,A1,Hárok 1 - 1. ročník v r. 2001
M_380,2001,A1,Hárok 1 - 1. ročník v r. 2001
M_381,2001,A1,Hárok 1 - 1. ročník v r. 2001
M_382,2001,A1,Hárok 1 - 1. ročník v r. 2001
M_383,2001,A1,Hárok 1 - 1. ročník v r. 2001
M_384,2007,A1,Hárok 1 - Súbor v r. 2007
M_353,2007,A1,Hárok 1 - Súbor v r. 2007
M_385,2007,A1,Hárok 1 - Súbor v r. 2007
M_386,2007,A1,Hárok 1 - Súbor v r. 2007
M_387,2007,A1,Hárok 1 - Súbor v r. 2007
M_388,2007,A1,Hárok 1 - Súbor v r. 2007
M_389,2007,A1,Hárok 1 - Súbor v r. 2007
M_191,2007,A1,Hárok 1 - Súbor v r. 2007
M_311,2007,A1,Hárok 1 - Súbor v r. 2007
M_312,2007,A1,Hárok 1 - Súbor v r. 2007
M_215,2007,A1,Hárok 1 - Súbor v r. 2007
M_359,2007,A1,Hárok 1 - Súbor v r. 2007
M_237,2007,A1,Hárok 1 - Súbor v r. 2007
M_184,2007,A1,Hárok 1 - Súbor v r. 2007
M_201,2007,A1,Hárok 1 - Súbor v r. 2007
M_240,2007,A1,Hárok 1 - Súbor v r. 2007
M_349,2007,A1,Hárok 1 - Súbor v r. 2007
M_390,2007,A1,Hárok 1 - Súbor v r. 2007
M_391,2007,A1,Hárok 1 - Súbor v r. 2007
M_392,2007,A1,Hárok 1 - Súbor v r. 2007
M_393,2007,A1,Hárok 1 - 5. ročník v r. 2007
M_367,2007,A1,Hárok 1 - 5. ročník v r. 2007
M_394,2007,A1,Hárok 1 - 5. ročník v r. 2007
M_395,2007,A1,Hárok 1 - 5. ročník v r. 2007
M_209,2007,A1,Hárok 1 - 5. ročník v r. 2007
M_396,2007,A1,Hárok 1 - 5. ročník v r. 2007
M_397,2007,A1,Hárok 1 - 5. ročník v r. 2007
M_398,2007,A1,Hárok 1 - 5. ročník v r. 2007
M_399,2007,A1,Hárok 1 - 5. ročník v r. 2007
M_400,2007,A1,Hárok 1 - 5. ročník v r. 2007
M_401,2007,A1,Hárok 1 - 5. ročník v r. 2007
M_402,2007,A1,Hárok 1 - 5. ročník v r. 2007
M_403,2007,A1,Hárok 1 - 5. ročník v r. 2007
M_404,2007,A1,Hárok 1 - 5. ročník v r. 2007
M_405,2007,A1,Hárok 1 - 5. ročník v r. 2007
M_406,2007,A1,Hárok 1 - 5. ročník v r. 2007
M_407,2007,A1,Hárok 1 - 5. ročník v r. 2007
M_408,2007,A1,Hárok 1 - 5. ročník v r. 2007
M_241,2007,A1,Hárok 1 - 5. ročník v r. 2007
M_409,2007,A1,Hárok 1 - 5. ročník v r. 2007
M_410,2007,A1,Hárok 1 - 4. ročník v r. 2007
M_411,2007,A1,Hárok 1 - 4. ročník v r. 2007
M_412,2007,A1,Hárok 1 - 4. ročník v r. 2007
M_413,2007,A1,Hárok 1 - 4. ročník v r. 2007
M_414,2007,A1,Hárok 1 - 4. ročník v r. 2007
M_415,2007,A1,Hárok 1 - 4. ročník v r. 2007
M_416,2007,A1,Hárok 1 - 4. ročník v r. 2007
M_417,2007,A1,Hárok 1 - 4. ročník v r. 2007
M_372,2007,A1,Hárok 1 - 4. ročník v r. 2007
M_418,2007,A1,Hárok 1 - 4. ročník v r. 2007
M_419,2007,A1,Hárok 1 - 4. ročník v r. 2007
M_420,2007,A1,Hárok 1 - 4. ročník v r. 2007
M_421,2007,A1,Hárok 1 - 4. ročník v r. 2007
M_422,2007,A1,Hárok 1 - 4. ročník v r. 2007
M_423,2007,A1,Hárok 1 - 4. ročník v r. 2007
M_424,2007,A1,Hárok 1 - 4. ročník v r. 2007
M_425,2007,A1,Hárok 1 - 4. ročník v r. 2007
M_426,2007,A1,Hárok 1 - 4. ročník v r. 2007
M_427,2007,A1,Hárok 1 - 4. ročník v r. 2007
M_428,2007,A1,Hárok 1 - 3. ročník v r. 2007
M_429,2007,A1,Hárok 1 - 3. ročník v r. 2007
M_430,2007,A1,Hárok 1 - 3. ročník v r. 2007
M_431,2007,A1,Hárok 1 - 3. ročník v r. 2007
M_432,2007,A1,Hárok 1 - 3. ročník v r. 2007
M_433,2007,A1,Hárok 1 - 3. ročník v r. 2007
M_434,2007,A1,Hárok 1 - 3. ročník v r. 2007
M_435,2007,A1,Hárok 1 - 3. ročník v r. 2007
M_436,2007,A1,Hárok 1 - 3. ročník v r. 2007
M_437,2007,A1,Hárok 1 - 3. ročník v r. 2007
M_438,2007,A1,Hárok 1 - V roku 2007 skončili
M_439,2007,A1,Hárok 1 - V roku 2007 skončili
M_440,2007,A1,Hárok 1 - V roku 2007 skončili
M_441,2007,A1,Hárok 1 - V roku 2007 skončili
M_442,2007,A1,Hárok 1 - V roku 2007 skončili
M_340,2007,A1,Hárok 1 - V roku 2007 skončili
M_443,2007,A1,Hárok 1 - V roku 2007 skončili
M_444,2007,A1,Hárok 1 - V roku 2007 skončili
M_445,2007,A1,Hárok 1 - V roku 2007 skončili
M_446,2007,A1,Hárok 1 - V roku 2007 skončili
M_447,2007,A1,Hárok 1 - V roku 2007 skončili
M_448,2007,A1,Hárok 1 - V roku 2007 skončili
M_449,2007,A1,Hárok 1 - V roku 2007 skončili
M_450,2007,A1,Hárok 1 - V roku 2007 skončili
M_320,2007,A1,Hárok 1 - V roku 2007 skončili
M_451,2007,A1,Hárok 1 - V roku 2007 skončili
M_452,2007,A1,Hárok 1 - V roku 2007 skončili
M_322,2007,A1,Hárok 1 - V roku 2007 skončili
M_323,2007,A1,Hárok 1 - V roku 2007 skončili
M_453,2007,A1,Hárok 1 - V roku 2007 skončili
M_454,2007,A1,Hárok 1 - V roku 2007 skončili
M_455,2007,A1,Hárok 1 - V roku 2007 skončili
M_456,2007,A1,Hárok 1 - V roku 2007 skončili
M_457,2007,A1,Hárok 1 - V roku 2007 skončili
M_458,2007,A1,Hárok 1 - V roku 2007 skončili
M_459,2007,A1,Hárok 1 - V roku 2007 skončili
M_460,2007,A1,Hárok 1 - V roku 2007 skončili
M_461,2007,A1,Hárok 1 - V roku 2007 skončili
M_462,2007,A1,Hárok 1 - V roku 2007 skončili
M_463,2007,A1,Hárok 1 - V roku 2007 skončili
M_464,2008,A1,Hárok 1 - Súbor v r. 2008
M_465,2008,A1,Hárok 1 - Súbor v r. 2008
M_417,2008,A1,Hárok 1 - Súbor v r. 2008
M_466,2008,A1,Hárok 1 - Súbor v r. 2008
M_419,2008,A1,Hárok 1 - Súbor v r. 2008
M_467,2008,A1,Hárok 1 - Súbor v r. 2008
M_468,2008,A1,Hárok 1 - Súbor v r. 2008
M_425,2008,A1,Hárok 1 - Súbor v r. 2008
M_469,2008,A1,Hárok 1 - Súbor v r. 2008
M_470,2008,A1,Hárok 1 - Súbor v r. 2008
M_203,2008,A1,Hárok 1 - Súbor v r. 2008
M_471,2008,A1,Hárok 1 - Súbor v r. 2008
M_472,2008,A1,Hárok 1 - Prípravka v r. 2008
M_473,2008,A1,Hárok 1 - Prípravka v r. 2008
M_474,2008,A1,Hárok 1 - Prípravka v r. 2008
M_475,2008,A1,Hárok 1 - Prípravka v r. 2008
M_476,2008,A1,Hárok 1 - Prípravka v r. 2008
M_477,2008,A1,Hárok 1 - Prípravka v r. 2008
M_478,2008,A1,Hárok 1 - Prípravka v r. 2008
M_479,2008,A1,Hárok 1 - Prípravka v r. 2008
M_480,2008,A1,Hárok 1 - Súbor Konkurz 15.3.08
M_471,2008,A1,Hárok 1 - Súbor Konkurz 15.3.08
M_481,2008,A1,Hárok 1 - Súbor Konkurz 15.3.08
M_482,2008,A1,Hárok 1 - Súbor Konkurz 15.3.08
M_483,2008,A1,Hárok 1 - Súbor Konkurz 15.3.08
M_237,2008,A1,Hárok 1 - Súbor Konkurz 15.3.08
M_466,2008,A1,Hárok 1 - Súbor Konkurz 15.3.08
M_203,2008,A1,Hárok 1 - Súbor Konkurz 15.3.08
M_468,2008,A1,Hárok 1 - Súbor Konkurz 15.3.08
M_354,2008,A1,Hárok 1 - Súbor Konkurz 15.3.08
M_469,2008,A1,Hárok 1 - Súbor Konkurz 15.3.08
M_394,2008,A1,Hárok 1 - Súbor Konkurz 15.3.08
M_249,2008,A1,Hárok 1 - Súbor Konkurz 15.3.08
M_484,2008,A1,Hárok 1 - Súbor Konkurz 15.3.08
M_372,2008,A1,Hárok 1 - Súbor Konkurz 15.3.08
M_485,2008,A1,Hárok 1 - Súbor Konkurz 15.3.08
M_464,2008,A1,Hárok 1 - Súbor Konkurz 15.3.08
M_486,2008,A1,Hárok 1 - Súbor Konkurz 15.3.08
M_487,2008,A1,Hárok 1 - Súbor Konkurz 15.3.08
M_488,2008,A1,Hárok 1 - Súbor Konkurz 15.3.08
M_489,2008,A1,Hárok 1 - Prípravka Konkurz 15.
M_395,2008,A1,Hárok 1 - Prípravka Konkurz 15.
M_413,2008,A1,Hárok 1 - Prípravka Konkurz 15.
M_490,2008,A1,Hárok 1 - Prípravka Konkurz 15.
M_491,2008,A1,Hárok 1 - Prípravka Konkurz 15.
M_492,2008,A1,Hárok 1 - Prípravka Konkurz 15.
M_493,2008,A1,Hárok 1 - Prípravka Konkurz 15.
M_474,2008,A1,Hárok 1 - Prípravka Konkurz 15.
M_494,2008,A1,Hárok 1 - Prípravka Konkurz 15.
M_495,2008,A1,Hárok 1 - Prípravka Konkurz 15.
M_496,2008,A1,Hárok 1 - Prípravka Konkurz 15.
M_497,2008,A1,Hárok 1 - Prípravka Konkurz 15.
M_477,2008,A1,Hárok 1 - Prípravka Konkurz 15.
M_435,2008,A1,Hárok 1 - Prípravka Konkurz 15.
M_437,2008,A1,Hárok 1 - Prípravka Konkurz 15.
M_479,2008,A1,Hárok 1 - Prípravka Konkurz 15.
M_498,2008,A1,Hárok 1 - Prípravka Konkurz 15.
M_393,2008,A1,Hárok 1 - V roku 2008 skončili
M_499,2008,A1,Hárok 1 - V roku 2008 skončili
M_484,2008,A1,Hárok 1 - V roku 2008 skončili
M_500,2008,A1,Hárok 1 - V roku 2008 skončili
M_354,2008,A1,Hárok 1 - V roku 2008 skončili
M_501,2008,A1,Hárok 1 - V roku 2008 skončili
M_394,2008,A1,Hárok 1 - V roku 2008 skončili
M_486,2008,A1,Hárok 1 - V roku 2008 skončili
M_481,2008,A1,Hárok 1 - V roku 2008 skončili
M_502,2008,A1,Hárok 1 - V roku 2008 skončili
M_395,2008,A1,Hárok 1 - V roku 2008 skončili
M_413,2008,A1,Hárok 1 - V roku 2008 skončili
M_503,2008,A1,Hárok 1 - V roku 2008 skončili
M_488,2008,A1,Hárok 1 - V roku 2008 skončili
M_491,2008,A1,Hárok 1 - V roku 2008 skončili
M_430,2008,A1,Hárok 1 - V roku 2008 skončili
M_492,2008,A1,Hárok 1 - V roku 2008 skončili
M_504,2008,A1,Hárok 1 - V roku 2008 skončili
M_505,2008,A1,Hárok 1 - V roku 2008 skončili
M_372,2008,A1,Hárok 1 - V roku 2008 skončili
M_494,2008,A1,Hárok 1 - V roku 2008 skončili
M_506,2008,A1,Hárok 1 - V roku 2008 skončili
M_495,2008,A1,Hárok 1 - V roku 2008 skončili
M_483,2008,A1,Hárok 1 - V roku 2008 skončili
M_496,2008,A1,Hárok 1 - V roku 2008 skončili
M_507,2008,A1,Hárok 1 - V roku 2008 skončili
M_508,2008,A1,Hárok 1 - V roku 2008 skončili
M_482,2008,A1,Hárok 1 - V roku 2008 skončili
M_497,2008,A1,Hárok 1 - V roku 2008 skončili
M_237,2008,A1,Hárok 1 - V roku 2008 skončili
M_435,2008,A1,Hárok 1 - V roku 2008 skončili
M_487,2008,A1,Hárok 1 - V roku 2008 skončili
M_426,2008,A1,Hárok 1 - V roku 2008 skončili
M_437,2008,A1,Hárok 1 - V roku 2008 skončili
M_498,2008,A1,Hárok 1 - V roku 2008 skončili
M_464,2009,A1,Hárok 1 - Súbor v r. 2009
M_249,2009,A1,Hárok 1 - Súbor v r. 2009
M_413,2009,A1,Hárok 1 - Súbor v r. 2009
M_417,2009,A1,Hárok 1 - Súbor v r. 2009
M_473,2009,A1,Hárok 1 - Súbor v r. 2009
M_359,2009,A1,Hárok 1 - Súbor v r. 2009
M_477,2009,A1,Hárok 1 - Súbor v r. 2009
M_425,2009,A1,Hárok 1 - Súbor v r. 2009
M_469,2009,A1,Hárok 1 - Súbor v r. 2009
M_509,2009,A1,Hárok 1 - Súbor v r. 2009
M_470,2009,A1,Hárok 1 - Súbor v r. 2009
M_510,2009,A1,Hárok 1 - Súbor v r. 2009
M_511,2009,A1,Hárok 1 - Súbor v r. 2009
M_512,2009,A1,Hárok 1 - Súbor v r. 2009
M_203,2009,A1,Hárok 1 - Súbor v r. 2009
M_471,2009,A1,Hárok 1 - Súbor v r. 2009
M_513,2009,A1,Hárok 1 - Prípravka v r. 2009
M_514,2009,A1,Hárok 1 - Prípravka v r. 2009
M_446,2009,A1,Hárok 1 - Prípravka v r. 2009
M_515,2009,A1,Hárok 1 - Prípravka v r. 2009
M_516,2009,A1,Hárok 1 - Prípravka v r. 2009
M_517,2009,A1,Hárok 1 - Prípravka v r. 2009
M_518,2009,A1,Hárok 1 - Prípravka v r. 2009
M_478,2009,A1,Hárok 1 - Prípravka v r. 2009
M_519,2009,A1,Hárok 1 - Prípravka v r. 2009
M_520,2009,A1,Hárok 1 - V roku 2009 skončili
M_521,2009,A1,Hárok 1 - V roku 2009 skončili
M_522,2009,A1,Hárok 1 - V roku 2009 skončili
M_523,2009,A1,Hárok 1 - V roku 2009 skončili
M_524,2009,A1,Hárok 1 - V roku 2009 skončili
M_466,2009,A1,Hárok 1 - V roku 2009 skončili
M_419,2009,A1,Hárok 1 - V roku 2009 skončili
M_525,2009,A1,Hárok 1 - V roku 2009 skončili
M_526,2009,A1,Hárok 1 - V roku 2009 skončili
M_527,2009,A1,Hárok 1 - V roku 2009 skončili
M_528,2009,A1,Hárok 1 - V roku 2009 skončili
M_467,2009,A1,Hárok 1 - V roku 2009 skončili
M_476,2009,A1,Hárok 1 - V roku 2009 skončili
M_468,2009,A1,Hárok 1 - V roku 2009 skončili
M_529,2009,A1,Hárok 1 - V roku 2009 skončili
M_360,2009,A1,Hárok 1 - V roku 2009 skončili
M_424,2009,A1,Hárok 1 - V roku 2009 skončili
M_530,2009,A1,Hárok 1 - V roku 2009 skončili
M_479,2009,A1,Hárok 1 - V roku 2009 skončili
M_531,2009,A1,Hárok 1 - V roku 2009 skončili
M_472,2009,A1,Hárok 1 - V roku 2009 skončili
M_475,2009,A1,Hárok 1 - V roku 2009 skončili
M_532,2009,A1,Hárok 1 - V roku 2009 skončili
M_474,2009,A1,Hárok 1 - V roku 2009 skončili
M_533,2009,A1,Hárok 1 - V roku 2009 skončili
M_534,2009,A1,Hárok 1 - V roku 2009 skončili
M_535,2009,A1,Hárok 1 - V roku 2009 skončili
M_464,2010,A1,Hárok 1 - Súbor v r. 2010
M_514,2010,A1,Hárok 1 - Súbor v r. 2010
M_536,2010,A1,Hárok 1 - Súbor v r. 2010
M_249,2010,A1,Hárok 1 - Súbor v r. 2010
M_473,2010,A1,Hárok 1 - Súbor v r. 2010
M_537,2010,A1,Hárok 1 - Súbor v r. 2010
M_477,2010,A1,Hárok 1 - Súbor v r. 2010
M_425,2010,A1,Hárok 1 - Súbor v r. 2010
M_469,2010,A1,Hárok 1 - Súbor v r. 2010
M_509,2010,A1,Hárok 1 - Súbor v r. 2010
M_538,2010,A1,Hárok 1 - Súbor v r. 2010
M_470,2010,A1,Hárok 1 - Súbor v r. 2010
M_512,2010,A1,Hárok 1 - Súbor v r. 2010
M_203,2010,A1,Hárok 1 - Súbor v r. 2010
M_471,2010,A1,Hárok 1 - Súbor v r. 2010
M_519,2010,A1,Hárok 1 - Súbor v r. 2010
M_539,2010,A1,Hárok 1 - Prípravka v r. 2010
M_513,2010,A1,Hárok 1 - Prípravka v r. 2010
M_540,2010,A1,Hárok 1 - Prípravka v r. 2010
M_541,2010,A1,Hárok 1 - Prípravka v r. 2010
M_542,2010,A1,Hárok 1 - Prípravka v r. 2010
M_543,2010,A1,Hárok 1 - Prípravka v r. 2010
M_544,2010,A1,Hárok 1 - Prípravka v r. 2010
M_545,2010,A1,Hárok 1 - Prípravka v r. 2010
M_546,2010,A1,Hárok 1 - Prípravka v r. 2010
M_518,2010,A1,Hárok 1 - Prípravka v r. 2010
M_547,2010,A1,Hárok 1 - Prípravka v r. 2010
M_548,2010,A1,Hárok 1 - Prípravka v r. 2010
M_549,2010,A1,Hárok 1 - V roku 2010 skončili
M_550,2010,A1,Hárok 1 - V roku 2010 skončili
M_551,2010,A1,Hárok 1 - V roku 2010 skončili
M_552,2010,A1,Hárok 1 - V roku 2010 skončili
M_553,2010,A1,Hárok 1 - V roku 2010 skončili
M_413,2010,A1,Hárok 1 - V roku 2010 skončili
M_446,2010,A1,Hárok 1 - V roku 2010 skončili
M_417,2010,A1,Hárok 1 - V roku 2010 skončili
M_554,2010,A1,Hárok 1 - V roku 2010 skončili
M_555,2010,A1,Hárok 1 - V roku 2010 skončili
M_556,2010,A1,Hárok 1 - V roku 2010 skončili
M_516,2010,A1,Hárok 1 - V roku 2010 skončili
M_557,2010,A1,Hárok 1 - V roku 2010 skončili
M_558,2010,A1,Hárok 1 - V roku 2010 skončili
M_559,2010,A1,Hárok 1 - V roku 2010 skončili
M_359,2010,A1,Hárok 1 - V roku 2010 skončili
M_560,2010,A1,Hárok 1 - V roku 2010 skončili
M_404,2010,A1,Hárok 1 - V roku 2010 skončili
M_478,2010,A1,Hárok 1 - V roku 2010 skončili
M_561,2010,A1,Hárok 1 - V roku 2010 skončili
M_510,2010,A1,Hárok 1 - V roku 2010 skončili
M_511,2010,A1,Hárok 1 - V roku 2010 skončili
M_562,2010,A1,Hárok 1 - V roku 2010 skončili
M_563,2010,A1,Hárok 1 - V roku 2010 skončili
M_564,2010,A1,Hárok 1 - Deti v r. 2010
M_565,2010,A1,Hárok 1 - Deti v r. 2010
M_566,2010,A1,Hárok 1 - Deti v r. 2010
M_567,2010,A1,Hárok 1 - Deti v r. 2010
M_568,2010,A1,Hárok 1 - Deti v r. 2010
M_569,2010,A1,Hárok 1 - Deti v r. 2010
M_570,2010,A1,Hárok 1 - Deti v r. 2010
M_571,2010,A1,Hárok 1 - Deti v r. 2010
M_464,2011,A1,Hárok 1 - Súbor v r. 2011
M_539,2011,A1,Hárok 1 - Súbor v r. 2011
M_572,2011,A1,Hárok 1 - Súbor v r. 2011
M_492,2011,A1,Hárok 1 - Súbor v r. 2011
M_573,2011,A1,Hárok 1 - Súbor v r. 2011
M_417,2011,A1,Hárok 1 - Súbor v r. 2011
M_473,2011,A1,Hárok 1 - Súbor v r. 2011
M_574,2011,A1,Hárok 1 - Súbor v r. 2011
M_477,2011,A1,Hárok 1 - Súbor v r. 2011
M_469,2011,A1,Hárok 1 - Súbor v r. 2011
M_470,2011,A1,Hárok 1 - Súbor v r. 2011
M_203,2011,A1,Hárok 1 - Súbor v r. 2011
M_471,2011,A1,Hárok 1 - Súbor v r. 2011
M_519,2011,A1,Hárok 1 - Súbor v r. 2011
M_548,2011,A1,Hárok 1 - Súbor v r. 2011
M_575,2011,A1,Hárok 1 - Prípravka v r. 2011
M_550,2011,A1,Hárok 1 - Prípravka v r. 2011
M_576,2011,A1,Hárok 1 - Prípravka v r. 2011
M_542,2011,A1,Hárok 1 - Prípravka v r. 2011
M_577,2011,A1,Hárok 1 - Prípravka v r. 2011
M_578,2011,A1,Hárok 1 - Prípravka v r. 2011
M_579,2011,A1,Hárok 1 - Prípravka v r. 2011
M_580,2011,A1,Hárok 1 - Prípravka v r. 2011
M_581,2011,A1,Hárok 1 - Prípravka v r. 2011
M_582,2011,A1,Hárok 1 - Prípravka v r. 2011
M_583,2011,A1,Hárok 1 - Prípravka v r. 2011
M_584,2011,A1,Hárok 1 - Prípravka v r. 2011
M_513,2011,A1,Hárok 1 - V roku 2011 skončili
M_540,2011,A1,Hárok 1 - V roku 2011 skončili
M_541,2011,A1,Hárok 1 - V roku 2011 skončili
M_514,2011,A1,Hárok 1 - V roku 2011 skončili
M_536,2011,A1,Hárok 1 - V roku 2011 skončili
M_543,2011,A1,Hárok 1 - V roku 2011 skončili
M_585,2011,A1,Hárok 1 - V roku 2011 skončili
M_537,2011,A1,Hárok 1 - V roku 2011 skončili
M_586,2011,A1,Hárok 1 - V roku 2011 skončili
M_587,2011,A1,Hárok 1 - V roku 2011 skončili
M_545,2011,A1,Hárok 1 - V roku 2011 skončili
M_570,2011,A1,Hárok 1 - V roku 2011 skončili
M_546,2011,A1,Hárok 1 - V roku 2011 skončili
M_547,2011,A1,Hárok 1 - V roku 2011 skončili
M_538,2011,A1,Hárok 1 - V roku 2011 skončili
M_512,2011,A1,Hárok 1 - V roku 2011 skončili
M_564,2011,A1,Hárok 1 - Deti v r. 2011
M_565,2011,A1,Hárok 1 - Deti v r. 2011
M_566,2011,A1,Hárok 1 - Deti v r. 2011
M_588,2011,A1,Hárok 1 - Deti v r. 2011
M_567,2011,A1,Hárok 1 - Deti v r. 2011
M_568,2011,A1,Hárok 1 - Deti v r. 2011
M_569,2011,A1,Hárok 1 - Deti v r. 2011
M_589,2011,A1,Hárok 1 - Deti v r. 2011
M_571,2011,A1,Hárok 1 - Deti v r. 2011
M_590,2011,A1,Hárok 1 - Deti v r. 2011
M_591,2011,A1,Hárok 1 - Deti v r. 2011
M_464,2012,A1,Hárok 1 - Súbor v r. 2012
M_578,2012,A1,Hárok 1 - Súbor v r. 2012
M_492,2012,A1,Hárok 1 - Súbor v r. 2012
M_417,2012,A1,Hárok 1 - Súbor v r. 2012
M_473,2012,A1,Hárok 1 - Súbor v r. 2012
M_574,2012,A1,Hárok 1 - Súbor v r. 2012
M_470,2012,A1,Hárok 1 - Súbor v r. 2012
M_203,2012,A1,Hárok 1 - Súbor v r. 2012
M_471,2012,A1,Hárok 1 - Súbor v r. 2012
M_519,2012,A1,Hárok 1 - Súbor v r. 2012
M_548,2012,A1,Hárok 1 - Súbor v r. 2012
M_575,2012,A1,Hárok 1 - Prípravka v r. 2012
M_592,2012,A1,Hárok 1 - Prípravka v r. 2012
M_593,2012,A1,Hárok 1 - Prípravka v r. 2012
M_594,2012,A1,Hárok 1 - Prípravka v r. 2012
M_583,2012,A1,Hárok 1 - Prípravka v r. 2012
M_584,2012,A1,Hárok 1 - Prípravka v r. 2012
M_582,2012,A1,Hárok 1 - V roku 2012 skončili
M_573,2012,A1,Hárok 1 - V roku 2012 skončili
M_581,2012,A1,Hárok 1 - V roku 2012 skončili
M_580,2012,A1,Hárok 1 - V roku 2012 skončili
M_595,2012,A1,Hárok 1 - V roku 2012 skončili
M_596,2012,A1,Hárok 1 - V roku 2012 skončili
M_597,2012,A1,Hárok 1 - V roku 2012 skončili
M_477,2012,A1,Hárok 1 - V roku 2012 skončili
M_598,2012,A1,Hárok 1 - V roku 2012 skončili
M_572,2012,A1,Hárok 1 - V roku 2012 skončili
M_469,2012,A1,Hárok 1 - V roku 2012 skončili
M_539,2012,A1,Hárok 1 - V roku 2012 skončili
M_599,2012,A1,Hárok 1 - V roku 2012 skončili
M_576,2012,A1,Hárok 1 - V roku 2012 skončili
M_600,2012,A1,Hárok 1 - V roku 2012 skončili
M_601,2012,A1,Hárok 1 - V roku 2012 skončili
M_579,2012,A1,Hárok 1 - V roku 2012 skončili
M_588,2012,A1,Hárok 1 - V roku 2012 skončili
M_602,2012,A1,Hárok 1 - V roku 2012 skončili
M_603,2012,A1,Hárok 1 - V roku 2012 skončili
M_564,2012,A1,Hárok 1 - Deti v r. 2012
M_565,2012,A1,Hárok 1 - Deti v r. 2012
M_566,2012,A1,Hárok 1 - Deti v r. 2012
M_604,2012,A1,Hárok 1 - Deti v r. 2012
M_567,2012,A1,Hárok 1 - Deti v r. 2012
M_568,2012,A1,Hárok 1 - Deti v r. 2012
M_569,2012,A1,Hárok 1 - Deti v r. 2012
M_589,2012,A1,Hárok 1 - Deti v r. 2012
M_571,2012,A1,Hárok 1 - Deti v r. 2012
M_605,2012,A1,Hárok 1 - Deti v r. 2012
M_590,2012,A1,Hárok 1 - Deti v r. 2012
M_591,2012,A1,Hárok 1 - Deti v r. 2012
M_606,2012,A1,Hárok 1 - Deti v r. 2012
M_607,2013,A1,Hárok 1 - Súbor v r. 2013
M_608,2013,A1,Hárok 1 - Súbor v r. 2013
M_601,2013,A1,Hárok 1 - Súbor v r. 2013
M_578,2013,A1,Hárok 1 - Súbor v r. 2013
M_492,2013,A1,Hárok 1 - Súbor v r. 2013
M_594,2013,A1,Hárok 1 - Súbor v r. 2013
M_470,2013,A1,Hárok 1 - Súbor v r. 2013
M_583,2013,A1,Hárok 1 - Súbor v r. 2013
M_519,2013,A1,Hárok 1 - Súbor v r. 2013
M_548,2013,A1,Hárok 1 - Súbor v r. 2013
M_575,2013,A1,Hárok 1 - Prípravka v r. 2013
M_609,2013,A1,Hárok 1 - Prípravka v r. 2013
M_593,2013,A1,Hárok 1 - Prípravka v r. 2013
M_610,2013,A1,Hárok 1 - Prípravka v r. 2013
M_605,2013,A1,Hárok 1 - Prípravka v r. 2013
M_611,2013,A1,Hárok 1 - Prípravka v r. 2013
M_612,2013,A1,Hárok 1 - Prípravka v r. 2013
M_606,2013,A1,Hárok 1 - Prípravka v r. 2013
M_613,2013,A1,Hárok 1 - V roku 2013 skončili
M_614,2013,A1,Hárok 1 - V roku 2013 skončili
M_564,2013,A1,Hárok 1 - V roku 2013 skončili
M_565,2013,A1,Hárok 1 - V roku 2013 skončili
M_417,2013,A1,Hárok 1 - V roku 2013 skončili
M_473,2013,A1,Hárok 1 - V roku 2013 skončili
M_615,2013,A1,Hárok 1 - V roku 2013 skončili
M_566,2013,A1,Hárok 1 - V roku 2013 skončili
M_604,2013,A1,Hárok 1 - V roku 2013 skončili
M_616,2013,A1,Hárok 1 - V roku 2013 skončili
M_617,2013,A1,Hárok 1 - V roku 2013 skončili
M_567,2013,A1,Hárok 1 - V roku 2013 skončili
M_568,2013,A1,Hárok 1 - V roku 2013 skončili
M_618,2013,A1,Hárok 1 - V roku 2013 skončili
M_619,2013,A1,Hárok 1 - V roku 2013 skončili
M_574,2013,A1,Hárok 1 - V roku 2013 skončili
M_620,2013,A1,Hárok 1 - V roku 2013 skončili
M_569,2013,A1,Hárok 1 - V roku 2013 skončili
M_477,2013,A1,Hárok 1 - V roku 2013 skončili
M_589,2013,A1,Hárok 1 - V roku 2013 skončili
M_621,2013,A1,Hárok 1 - V roku 2013 skončili
M_622,2013,A1,Hárok 1 - V roku 2013 skončili
M_571,2013,A1,Hárok 1 - V roku 2013 skončili
M_623,2013,A1,Hárok 1 - V roku 2013 skončili
M_590,2013,A1,Hárok 1 - V roku 2013 skončili
M_624,2013,A1,Hárok 1 - V roku 2013 skončili
M_203,2013,A1,Hárok 1 - V roku 2013 skončili
M_471,2013,A1,Hárok 1 - V roku 2013 skončili
M_591,2013,A1,Hárok 1 - V roku 2013 skončili
M_584,2013,A1,Hárok 1 - V roku 2013 skončili
M_606,2013,A1,Hárok 1 - V roku 2013 skončili
M_607,2014,A1,Hárok 1 - Súbor v r. 2014
M_608,2014,A1,Hárok 1 - Súbor v r. 2014
M_601,2014,A1,Hárok 1 - Súbor v r. 2014
M_625,2014,A1,Hárok 1 - Súbor v r. 2014
M_578,2014,A1,Hárok 1 - Súbor v r. 2014
M_492,2014,A1,Hárok 1 - Súbor v r. 2014
M_594,2014,A1,Hárok 1 - Súbor v r. 2014
M_558,2014,A1,Hárok 1 - Súbor v r. 2014
M_470,2014,A1,Hárok 1 - Súbor v r. 2014
M_519,2014,A1,Hárok 1 - Súbor v r. 2014
M_548,2014,A1,Hárok 1 - Súbor v r. 2014
M_575,2014,A1,Hárok 1 - Prípravka v r. 2014
M_626,2014,A1,Hárok 1 - Prípravka v r. 2014
M_627,2014,A1,Hárok 1 - Prípravka v r. 2014
M_628,2014,A1,Hárok 1 - Prípravka v r. 2014
M_629,2014,A1,Hárok 1 - Prípravka v r. 2014
M_630,2014,A1,Hárok 1 - Prípravka v r. 2014
M_631,2014,A1,Hárok 1 - Prípravka v r. 2014
M_632,2014,A1,Hárok 1 - Prípravka v r. 2014
M_605,2014,A1,Hárok 1 - Prípravka v r. 2014
M_633,2014,A1,Hárok 1 - Prípravka v r. 2014
M_612,2014,A1,Hárok 1 - Prípravka v r. 2014
M_634,2014,A1,Hárok 1 - Prípravka v r. 2014
M_606,2014,A1,Hárok 1 - Prípravka v r. 2014
M_635,2014,A1,Hárok 1 - V roku 2014 skončili
M_609,2014,A1,Hárok 1 - V roku 2014 skončili
M_593,2014,A1,Hárok 1 - V roku 2014 skončili
M_636,2014,A1,Hárok 1 - V roku 2014 skončili
M_610,2014,A1,Hárok 1 - V roku 2014 skončili
M_637,2014,A1,Hárok 1 - V roku 2014 skončili
M_583,2014,A1,Hárok 1 - V roku 2014 skončili
M_611,2014,A1,Hárok 1 - V roku 2014 skončili
M_607,2016,A1,Hárok 1 - Súbor v r. 2016
M_608,2016,A1,Hárok 1 - Súbor v r. 2016
M_625,2016,A1,Hárok 1 - Súbor v r. 2016
M_492,2016,A1,Hárok 1 - Súbor v r. 2016
M_558,2016,A1,Hárok 1 - Súbor v r. 2016
M_638,2016,A1,Hárok 1 - Súbor v r. 2016
M_639,2016,A1,Hárok 1 - Súbor v r. 2016
M_640,2016,A1,Hárok 1 - Súbor v r. 2016
M_583,2016,A1,Hárok 1 - Súbor v r. 2016
M_605,2016,A1,Hárok 1 - Súbor v r. 2016
M_633,2016,A1,Hárok 1 - Súbor v r. 2016
M_641,2016,A1,Hárok 1 - Súbor v r. 2016
M_642,2016,A1,Hárok 1 - Súbor v r. 2016
M_634,2016,A1,Hárok 1 - Súbor v r. 2016
M_519,2016,A1,Hárok 1 - Súbor v r. 2016
M_548,2016,A1,Hárok 1 - Súbor v r. 2016
M_643,2016,A1,Hárok 1 - Prípravka v r. 2016
M_644,2016,A1,Hárok 1 - Prípravka v r. 2016
M_645,2016,A1,Hárok 1 - Prípravka v r. 2016
M_646,2016,A1,Hárok 1 - Prípravka v r. 2016
M_647,2016,A1,Hárok 1 - Prípravka v r. 2016
M_648,2016,A1,Hárok 1 - Prípravka v r. 2016
M_629,2016,A1,Hárok 1 - Prípravka v r. 2016
M_649,2016,A1,Hárok 1 - Prípravka v r. 2016
M_650,2016,A1,Hárok 1 - Prípravka v r. 2016
M_651,2016,A1,Hárok 1 - Prípravka v r. 2016
M_652,2016,A1,Hárok 1 - Prípravka v r. 2016
M_653,2016,A1,Hárok 1 - Prípravka v r. 2016
M_654,2016,A1,Hárok 1 - Prípravka v r. 2016
M_655,2016,A1,Hárok 1 - Prípravka v r. 2016
M_656,2016,A1,Hárok 1 - Prípravka v r. 2016
M_657,2016,A1,Hárok 1 - V roku 2016 skončili
M_658,2016,A1,Hárok 1 - V roku 2016 skončili
M_659,2016,A1,Hárok 1 - V roku 2016 skončili
M_660,2016,A1,Hárok 1 - V roku 2016 skončili
M_661,2016,A1,Hárok 1 - V roku 2016 skončili
M_662,2016,A1,Hárok 1 - V roku 2016 skončili
M_663,2016,A1,Hárok 1 - V roku 2016 skončili
M_664,2016,A1,Hárok 1 - V roku 2016 skončili
M_665,2016,A1,Hárok 1 - V roku 2016 skončili
M_666,2016,A1,Hárok 1 - V roku 2016 skončili
M_654,2016,A1,Hárok 1 - V roku 2016 skončili
M_624,2016,A1,Hárok 1 - V roku 2016 skončili
M_667,2016,A1,Hárok 1 - V roku 2016 skončili
M_607,2017,A1,Hárok 1 - Súbor v r. 2017
M_608,2017,A1,Hárok 1 - Súbor v r. 2017
M_668,2017,A1,Hárok 1 - Súbor v r. 2017
M_625,2017,A1,Hárok 1 - Súbor v r. 2017
M_644,2017,A1,Hárok 1 - Súbor v r. 2017
M_645,2017,A1,Hárok 1 - Súbor v r. 2017
M_669,2017,A1,Hárok 1 - Súbor v r. 2017
M_670,2017,A1,Hárok 1 - Súbor v r. 2017
M_558,2017,A1,Hárok 1 - Súbor v r. 2017
M_638,2017,A1,Hárok 1 - Súbor v r. 2017
M_639,2017,A1,Hárok 1 - Súbor v r. 2017
M_651,2017,A1,Hárok 1 - Súbor v r. 2017
M_671,2017,A1,Hárok 1 - Súbor v r. 2017
M_640,2017,A1,Hárok 1 - Súbor v r. 2017
M_583,2017,A1,Hárok 1 - Súbor v r. 2017
M_672,2017,A1,Hárok 1 - Súbor v r. 2017
M_605,2017,A1,Hárok 1 - Súbor v r. 2017
M_642,2017,A1,Hárok 1 - Súbor v r. 2017
M_634,2017,A1,Hárok 1 - Súbor v r. 2017
M_656,2017,A1,Hárok 1 - Súbor v r. 2017
M_673,2017,A1,Hárok 1 - Prípravka v r. 2017
M_674,2017,A1,Hárok 1 - Prípravka v r. 2017
M_675,2017,A1,Hárok 1 - Prípravka v r. 2017
M_676,2017,A1,Hárok 1 - Prípravka v r. 2017
M_648,2017,A1,Hárok 1 - Prípravka v r. 2017
M_649,2017,A1,Hárok 1 - Prípravka v r. 2017
M_653,2017,A1,Hárok 1 - Prípravka v r. 2017
M_677,2017,A1,Hárok 1 - V roku 2017 skončili
M_678,2017,A1,Hárok 1 - V roku 2017 skončili
M_679,2017,A1,Hárok 1 - V roku 2017 skončili
M_492,2017,A1,Hárok 1 - V roku 2017 skončili
M_680,2017,A1,Hárok 1 - V roku 2017 skončili
M_646,2017,A1,Hárok 1 - V roku 2017 skončili
M_681,2017,A1,Hárok 1 - V roku 2017 skončili
M_629,2017,A1,Hárok 1 - V roku 2017 skončili
M_650,2017,A1,Hárok 1 - V roku 2017 skončili
M_652,2017,A1,Hárok 1 - V roku 2017 skončili
M_624,2017,A1,Hárok 1 - V roku 2017 skončili
M_633,2017,A1,Hárok 1 - V roku 2017 skončili
M_641,2017,A1,Hárok 1 - V roku 2017 skončili
M_655,2017,A1,Hárok 1 - V roku 2017 skončili
M_519,2017,A1,Hárok 1 - V roku 2017 skončili
M_548,2017,A1,Hárok 1 - V roku 2017 skončili
M_682,2017,A1,Hárok 1 - V roku 2017 skončili
M_608,2018,A1,Hárok 1 - Súbor v r. 2018
M_644,2018,A1,Hárok 1 - Súbor v r. 2018
M_683,2018,A1,Hárok 1 - Súbor v r. 2018
M_669,2018,A1,Hárok 1 - Súbor v r. 2018
M_684,2018,A1,Hárok 1 - Súbor v r. 2018
M_639,2018,A1,Hárok 1 - Súbor v r. 2018
M_685,2018,A1,Hárok 1 - Súbor v r. 2018
M_686,2018,A1,Hárok 1 - Súbor v r. 2018
M_583,2018,A1,Hárok 1 - Súbor v r. 2018
M_672,2018,A1,Hárok 1 - Súbor v r. 2018
M_687,2018,A1,Hárok 1 - Súbor v r. 2018
M_656,2018,A1,Hárok 1 - Súbor v r. 2018
M_688,2018,A1,Hárok 1 - Prípravka v r. 2018
M_673,2018,A1,Hárok 1 - Prípravka v r. 2018
M_689,2018,A1,Hárok 1 - Prípravka v r. 2018
M_690,2018,A1,Hárok 1 - Prípravka v r. 2018
M_691,2018,A1,Hárok 1 - Prípravka v r. 2018
M_692,2018,A1,Hárok 1 - Prípravka v r. 2018
M_693,2018,A1,Hárok 1 - Prípravka v r. 2018
M_676,2018,A1,Hárok 1 - Prípravka v r. 2018
M_560,2018,A1,Hárok 1 - Prípravka v r. 2018
M_694,2018,A1,Hárok 1 - Prípravka v r. 2018
M_695,2018,A1,Hárok 1 - Prípravka v r. 2018
M_696,2018,A1,Hárok 1 - Prípravka v r. 2018
M_697,2018,A1,Hárok 1 - Prípravka v r. 2018
M_698,2018,A1,Hárok 1 - Prípravka v r. 2018
M_699,2018,A1,Hárok 1 - Prípravka v r. 2018
M_700,2018,A1,Hárok 1 - Prípravka v r. 2018
M_701,2018,A1,Hárok 1 - V roku 2018 skončili
M_607,2018,A1,Hárok 1 - V roku 2018 skončili
M_668,2018,A1,Hárok 1 - V roku 2018 skončili
M_625,2018,A1,Hárok 1 - V roku 2018 skončili
M_645,2018,A1,Hárok 1 - V roku 2018 skončili
M_702,2018,A1,Hárok 1 - V roku 2018 skončili
M_674,2018,A1,Hárok 1 - V roku 2018 skončili
M_670,2018,A1,Hárok 1 - V roku 2018 skončili
M_675,2018,A1,Hárok 1 - V roku 2018 skončili
M_703,2018,A1,Hárok 1 - V roku 2018 skončili
M_558,2018,A1,Hárok 1 - V roku 2018 skončili
M_638,2018,A1,Hárok 1 - V roku 2018 skončili
M_648,2018,A1,Hárok 1 - V roku 2018 skončili
M_649,2018,A1,Hárok 1 - V roku 2018 skončili
M_651,2018,A1,Hárok 1 - V roku 2018 skončili
M_671,2018,A1,Hárok 1 - V roku 2018 skončili
M_640,2018,A1,Hárok 1 - V roku 2018 skončili
M_653,2018,A1,Hárok 1 - V roku 2018 skončili
M_704,2018,A1,Hárok 1 - V roku 2018 skončili
M_705,2018,A1,Hárok 1 - V roku 2018 skončili
M_642,2018,A1,Hárok 1 - V roku 2018 skončili
M_634,2018,A1,Hárok 1 - V roku 2018 skončili
M_706,2019,A1,Hárok 1 - Súbor v r. 2019
M_608,2019,A1,Hárok 1 - Súbor v r. 2019
M_707,2019,A1,Hárok 1 - Súbor v r. 2019
M_683,2019,A1,Hárok 1 - Súbor v r. 2019
M_690,2019,A1,Hárok 1 - Súbor v r. 2019
M_708,2019,A1,Hárok 1 - Súbor v r. 2019
M_691,2019,A1,Hárok 1 - Súbor v r. 2019
M_470,2019,A1,Hárok 1 - Súbor v r. 2019
M_693,2019,A1,Hárok 1 - Súbor v r. 2019
M_685,2019,A1,Hárok 1 - Súbor v r. 2019
M_560,2019,A1,Hárok 1 - Súbor v r. 2019
M_709,2019,A1,Hárok 1 - Súbor v r. 2019
M_694,2019,A1,Hárok 1 - Súbor v r. 2019
M_583,2019,A1,Hárok 1 - Súbor v r. 2019
M_696,2019,A1,Hárok 1 - Súbor v r. 2019
M_710,2019,A1,Hárok 1 - Súbor v r. 2019
M_711,2019,A1,Hárok 1 - Súbor v r. 2019
M_656,2019,A1,Hárok 1 - Súbor v r. 2019
M_657,2019,A1,Hárok 1 - Prípravka v r. 2019
M_712,2019,A1,Hárok 1 - Prípravka v r. 2019
M_713,2019,A1,Hárok 1 - Prípravka v r. 2019
M_714,2019,A1,Hárok 1 - Prípravka v r. 2019
M_715,2019,A1,Hárok 1 - Prípravka v r. 2019
M_716,2019,A1,Hárok 1 - Prípravka v r. 2019
M_704,2019,A1,Hárok 1 - Prípravka v r. 2019
M_697,2019,A1,Hárok 1 - Prípravka v r. 2019
M_717,2019,A1,Hárok 1 - V roku 2019 skončili
M_673,2019,A1,Hárok 1 - V roku 2019 skončili
M_644,2019,A1,Hárok 1 - V roku 2019 skončili
M_689,2019,A1,Hárok 1 - V roku 2019 skončili
M_669,2019,A1,Hárok 1 - V roku 2019 skončili
M_684,2019,A1,Hárok 1 - V roku 2019 skončili
M_692,2019,A1,Hárok 1 - V roku 2019 skončili
M_676,2019,A1,Hárok 1 - V roku 2019 skončili
M_686,2019,A1,Hárok 1 - V roku 2019 skončili
M_672,2019,A1,Hárok 1 - V roku 2019 skončili
M_698,2019,A1,Hárok 1 - V roku 2019 skončili
M_687,2019,A1,Hárok 1 - V roku 2019 skončili
M_710,2019,A1,Hárok 1 - V roku 2019 skončili
M_700,2019,A1,Hárok 1 - V roku 2019 skončili
M_608,2020,A1,Hárok 1 - Súbor v r. 2020
M_707,2020,A1,Hárok 1 - Súbor v r. 2020
M_718,2020,A1,Hárok 1 - Súbor v r. 2020
M_683,2020,A1,Hárok 1 - Súbor v r. 2020
M_708,2020,A1,Hárok 1 - Súbor v r. 2020
M_691,2020,A1,Hárok 1 - Súbor v r. 2020
M_719,2020,A1,Hárok 1 - Súbor v r. 2020
M_693,2020,A1,Hárok 1 - Súbor v r. 2020
M_685,2020,A1,Hárok 1 - Súbor v r. 2020
M_694,2020,A1,Hárok 1 - Súbor v r. 2020
M_720,2020,A1,Hárok 1 - Súbor v r. 2020
M_721,2020,A1,Hárok 1 - Súbor v r. 2020
M_710,2020,A1,Hárok 1 - Súbor v r. 2020
M_656,2020,A1,Hárok 1 - Súbor v r. 2020
M_712,2020,A1,Hárok 1 - Prípravka v r. 2020
M_722,2020,A1,Hárok 1 - Prípravka v r. 2020
M_697,2020,A1,Hárok 1 - Prípravka v r. 2020
M_723,2020,A1,Hárok 1 - Prípravka v r. 2020
M_724,2020,A1,Hárok 1 - Prípravka v r. 2020
M_657,2020,A1,Hárok 1 - V roku 2020 skončili
M_725,2020,A1,Hárok 1 - V roku 2020 skončili
M_713,2020,A1,Hárok 1 - V roku 2020 skončili
M_690,2020,A1,Hárok 1 - V roku 2020 skončili
M_715,2020,A1,Hárok 1 - V roku 2020 skončili
M_560,2020,A1,Hárok 1 - V roku 2020 skončili
M_709,2020,A1,Hárok 1 - V roku 2020 skončili
M_726,2020,A1,Hárok 1 - V roku 2020 skončili
M_716,2020,A1,Hárok 1 - V roku 2020 skončili
M_704,2020,A1,Hárok 1 - V roku 2020 skončili
M_470,2020,A1,Hárok 1 - V roku 2020 skončili
M_696,2020,A1,Hárok 1 - V roku 2020 skončili
M_711,2020,A1,Hárok 1 - V roku 2020 skončili
M_727,2021,A1,Hárok 1 - Súbor v r. 2021
M_722,2021,A1,Hárok 1 - Súbor v r. 2021
M_608,2021,A1,Hárok 1 - Súbor v r. 2021
M_728,2021,A1,Hárok 1 - Súbor v r. 2021
M_691,2021,A1,Hárok 1 - Súbor v r. 2021
M_719,2021,A1,Hárok 1 - Súbor v r. 2021
M_693,2021,A1,Hárok 1 - Súbor v r. 2021
M_729,2021,A1,Hárok 1 - Súbor v r. 2021
M_730,2021,A1,Hárok 1 - Súbor v r. 2021
M_694,2021,A1,Hárok 1 - Súbor v r. 2021
M_731,2021,A1,Hárok 1 - Súbor v r. 2021
M_710,2021,A1,Hárok 1 - Súbor v r. 2021
M_656,2021,A1,Hárok 1 - Súbor v r. 2021
M_732,2021,A1,Hárok 1 - Prípravka v r. 2021
M_733,2021,A1,Hárok 1 - Prípravka v r. 2021
M_723,2021,A1,Hárok 1 - Prípravka v r. 2021
M_734,2021,A1,Hárok 1 - Prípravka v r. 2021
M_707,2021,A1,Hárok 1 - V roku 2021 skončili
M_718,2021,A1,Hárok 1 - V roku 2021 skončili
M_708,2021,A1,Hárok 1 - V roku 2021 skončili
M_735,2021,A1,Hárok 1 - V roku 2021 skončili
M_736,2021,A1,Hárok 1 - V roku 2021 skončili
M_737,2021,A1,Hárok 1 - V roku 2021 skončili
M_721,2021,A1,Hárok 1 - V roku 2021 skončili
M_697,2021,A1,Hárok 1 - V roku 2021 skončili
M_724,2021,A1,Hárok 1 - V roku 2021 skončili
M_727,2022,A1,2022 - Súbor v r. 2022
M_722,2022,A1,2022 - Súbor v r. 2022
M_738,2022,A1,2022 - Súbor v r. 2022
M_728,2022,A1,2022 - Súbor v r. 2022
M_739,2022,A1,2022 - Súbor v r. 2022
M_691,2022,A1,2022 - Súbor v r. 2022
M_693,2022,A1,2022 - Súbor v r. 2022
M_729,2022,A1,2022 - Súbor v r. 2022
M_730,2022,A1,2022 - Súbor v r. 2022
M_694,2022,A1,2022 - Súbor v r. 2022
M_740,2022,A1,2022 - Súbor v r. 2022
M_656,2022,A1,2022 - Súbor v r. 2022
M_741,2022,A1,2022 - Prípravka v r. 2022
M_732,2022,A1,2022 - Prípravka v r. 2022
M_742,2022,A1,2022 - Prípravka v r. 2022
M_743,2022,A1,2022 - Prípravka v r. 2022
M_744,2022,A1,2022 - Prípravka v r. 2022
M_589,2022,A1,2022 - Prípravka v r. 2022
M_745,2022,A1,2022 - V roku 2022 skončili
M_746,2022,A1,2022 - V roku 2022 skončili
M_733,2022,A1,2022 - V roku 2022 skončili
M_638,2022,A1,2022 - V roku 2022 skončili
M_719,2022,A1,2022 - V roku 2022 skončili
M_747,2022,A1,2022 - V roku 2022 skončili
M_748,2022,A1,2022 - V roku 2022 skončili
M_723,2022,A1,2022 - V roku 2022 skončili
M_734,2022,A1,2022 - V roku 2022 skončili
M_731,2022,A1,2022 - V roku 2022 skončili
M_697,2022,A1,2022 - V roku 2022 skončili
M_710,2022,A1,2022 - V roku 2022 skončili
M_749,2023,A1,2023 - Súbor v r. 2023
M_727,2023,A1,2023 - Súbor v r. 2023
M_722,2023,A1,2023 - Súbor v r. 2023
M_728,2023,A1,2023 - Súbor v r. 2023
M_691,2023,A1,2023 - Súbor v r. 2023
M_692,2023,A1,2023 - Súbor v r. 2023
M_693,2023,A1,2023 - Súbor v r. 2023
M_750,2023,A1,2023 - Súbor v r. 2023
M_730,2023,A1,2023 - Súbor v r. 2023
M_740,2023,A1,2023 - Súbor v r. 2023
M_656,2023,A1,2023 - Súbor v r. 2023
M_751,2023,A1,2023 - Prípravka v r. 2023
M_752,2023,A1,2023 - Prípravka v r. 2023
M_753,2023,A1,2023 - Prípravka v r. 2023
M_754,2023,A1,2023 - Prípravka v r. 2023
M_755,2023,A1,2023 - Prípravka v r. 2023
M_741,2023,A1,2023 - Prípravka v r. 2023
M_732,2023,A1,2023 - Prípravka v r. 2023
M_756,2023,A1,2023 - Prípravka v r. 2023
M_729,2023,A1,2023 - Prípravka v r. 2023
M_757,2023,A1,2023 - Prípravka v r. 2023
M_758,2023,A1,2023 - Prípravka v r. 2023
M_759,2023,A1,2023 - Prípravka v r. 2023
M_760,2023,A1,2023 - Prípravka v r. 2023
M_761,2023,A1,2023 - Prípravka v r. 2023
M_762,2023,A1,2023 - Prípravka v r. 2023
M_763,2023,A1,2023 - Prípravka v r. 2023
M_738,2023,A1,2023 - V roku 2023 skončili
M_739,2023,A1,2023 - V roku 2023 skončili
M_764,2023,A1,2023 - V roku 2023 skončili
M_765,2023,A1,2023 - V roku 2023 skončili
M_744,2023,A1,2023 - V roku 2023 skončili
M_694,2023,A1,2023 - V roku 2023 skončili
M_589,2023,A1,2023 - V roku 2023 skončili
M_766,2023,A1,2023 - V roku 2023 skončili
M_743,2023,A1,2023 - V roku 2023 skončili
M_753,2024,A1,2024 - Súbor v r. 2024
M_722,2024,A1,2024 - Súbor v r. 2024
M_691,2024,A1,2024 - Súbor v r. 2024
M_767,2024,A1,2024 - Súbor v r. 2024
M_758,2024,A1,2024 - Súbor v r. 2024
M_768,2024,A1,2024 - Súbor v r. 2024
M_730,2024,A1,2024 - Súbor v r. 2024
M_769,2024,A1,2024 - Súbor v r. 2024
M_740,2024,A1,2024 - Súbor v r. 2024
M_656,2024,A1,2024 - Súbor v r. 2024
M_770,2024,A1,2024 - Prípravka v r. 2024
M_771,2024,A1,2024 - Prípravka v r. 2024
M_754,2024,A1,2024 - Prípravka v r. 2024
M_755,2024,A1,2024 - Prípravka v r. 2024
M_741,2024,A1,2024 - Prípravka v r. 2024
M_772,2024,A1,2024 - Prípravka v r. 2024
M_728,2024,A1,2024 - Prípravka v r. 2024
M_773,2024,A1,2024 - Prípravka v r. 2024
M_774,2024,A1,2024 - Prípravka v r. 2024
M_775,2024,A1,2024 - Prípravka v r. 2024
M_742,2024,A1,2024 - Prípravka v r. 2024
M_776,2024,A1,2024 - Prípravka v r. 2024
M_749,2024,A1,2024 - V roku 2024 skončili
M_751,2024,A1,2024 - V roku 2024 skončili
M_727,2024,A1,2024 - V roku 2024 skončili
M_732,2024,A1,2024 - V roku 2024 skončili
M_777,2024,A1,2024 - V roku 2024 skončili
M_692,2024,A1,2024 - V roku 2024 skončili
M_693,2024,A1,2024 - V roku 2024 skončili
M_729,2024,A1,2024 - V roku 2024 skončili
M_778,2024,A1,2024 - V roku 2024 skončili
M_760,2024,A1,2024 - V roku 2024 skončili
M_761,2024,A1,2024 - V roku 2024 skončili
M_762,2024,A1,2024 - V roku 2024 skončili
M_779,2024,A1,2024 - V roku 2024 skončili
M_753,2025,A1,2024 - Súbor v r. 2025
M_722,2025,A1,2024 - Súbor v r. 2025
M_691,2025,A1,2024 - Súbor v r. 2025
M_767,2025,A1,2024 - Súbor v r. 2025
M_758,2025,A1,2024 - Súbor v r. 2025
M_768,2025,A1,2024 - Súbor v r. 2025
M_730,2025,A1,2024 - Súbor v r. 2025
M_740,2025,A1,2024 - Súbor v r. 2025
M_656,2025,A1,2024 - Súbor v r. 2025
M_770,2025,A1,2024 - Prípravka v r. 2025
M_780,2025,A1,2024 - Prípravka v r. 2025
M_781,2025,A1,2024 - Prípravka v r. 2025
M_741,2025,A1,2024 - Prípravka v r. 2025
M_772,2025,A1,2024 - Prípravka v r. 2025
M_728,2025,A1,2024 - Prípravka v r. 2025
M_773,2025,A1,2024 - Prípravka v r. 2025
M_782,2025,A1,2024 - Prípravka v r. 2025
M_774,2025,A1,2024 - Prípravka v r. 2025
M_783,2025,A1,2024 - Prípravka v r. 2025
M_777,2025,A1,2024 - Prípravka v r. 2025
M_742,2025,A1,2024 - Prípravka v r. 2025
M_784,2025,A1,2024 - Prípravka v r. 2025
M_776,2025,A1,2024 - Prípravka v r. 2025
M_785,2025,A1,2024 - Prípravka v r. 2025
M_755,2025,A1,2024 - V roku 2025 skončili
M_786,2025,A1,2024 - V roku 2025 skončili
M_754,2025,A1,2024 - V roku 2025 skončili
M_769,2025,A1,2024 - V roku 2025 skončili
M_771,2025,A1,2024 - V roku 2025 skončili
M_787,2025,A1,2024 - V roku 2025 skončili
M_775,2025,A1,2024 - V roku 2025 skončili
